topic,anger,disgust,fear,joy,neutral,sadness,surprise
0,0.12561819980217606,0.023491592482690407,0.032393669634025714,0.17903066271018794,0.45944609297725025,0.10014836795252226,0.07987141444114738
1,0.12896881146389436,0.04439449283506603,0.024164091036808093,0.14442259061534138,0.4391683057038494,0.07558302894071368,0.14329867940432706
2,0.1400862068965517,0.029248768472906403,0.02647783251231527,0.15055418719211822,0.42210591133004927,0.1022167487684729,0.12931034482758622
3,0.0872583044124938,0.029747149231531978,0.03173029251363411,0.17798710956866634,0.42042637580565195,0.06246901338621715,0.19038175508180466
4,0.02956989247311828,0.002688172043010753,0.0,0.4650537634408602,0.4274193548387097,0.01881720430107527,0.056451612903225805
5,0.012658227848101266,0.016877637130801686,0.02531645569620253,0.029535864978902954,0.1350210970464135,0.03375527426160337,0.7468354430379747
6,0.02112676056338028,0.007042253521126761,0.0,0.24647887323943662,0.6901408450704225,0.0,0.035211267605633804
